"Status","Start Time","Stop Time","Duration in ms","Parent Suite","Suite","Sub Suite","Test Class","Test Method","Name","Description"
"passed","Sun Aug 16 07:06:16 UTC 2026","Sun Aug 16 07:06:18 UTC 2026","1647","chromium","features/status-codes.spec.ts","Status Codes","","","/status_codes/500 returns 500",""
"passed","Sun Aug 16 07:06:16 UTC 2026","Sun Aug 16 07:06:16 UTC 2026","192","chromium","api/login.api.spec.ts","Login API (/authenticate)","","","invalid credentials redirect to /login",""
"passed","Sun Aug 16 07:06:16 UTC 2026","Sun Aug 16 07:06:18 UTC 2026","1819","chromium","features/status-codes.spec.ts","Status Codes","","","/status_codes/404 returns 404",""
"passed","Sun Aug 16 07:06:16 UTC 2026","Sun Aug 16 07:06:16 UTC 2026","351","chromium","api/login.api.spec.ts","Login API (/authenticate)","","","invalid credentials land on /login with error flash message",""
"passed","Sun Aug 16 07:06:16 UTC 2026","Sun Aug 16 07:06:16 UTC 2026","282","chromium","api/login.api.spec.ts","Login API (/authenticate)","","","valid credentials land on /secure with success flash message",""
"passed","Sun Aug 16 07:06:18 UTC 2026","Sun Aug 16 07:06:19 UTC 2026","478","chromium","login.spec.ts","","","","logs in successfully with valid credentials",""
"passed","Sun Aug 16 07:06:16 UTC 2026","Sun Aug 16 07:06:18 UTC 2026","1889","chromium","features/status-codes.spec.ts","Status Codes","","","/status_codes/301 returns 301",""
"passed","Sun Aug 16 07:06:16 UTC 2026","Sun Aug 16 07:06:16 UTC 2026","228","chromium","api/login.api.spec.ts","Login API (/authenticate)","","","valid credentials redirect to /secure",""
"passed","Sun Aug 16 07:06:16 UTC 2026","Sun Aug 16 07:06:18 UTC 2026","1909","chromium","features/status-codes.spec.ts","Status Codes","","","/status_codes/200 returns 200",""
